PARTITO,NUMERO_POST_TIKTOK,TOTALE_VIEWS_TIKTOK,TOTALE_LIKES,TOTALE_SHARES,TOTALE_COMMENTS,ENGAGEMENT_TOTALE,TOTALE_VOTI_LISTA,PERCENTUALE_VOTI
FRATELLI D'ITALIA,54,134489664,4725227,438983,257497,5421707,7096109,35.270815910889866
PARTITO DEMOCRATICO,51,26970625,1589325,118104,28034,1735463,5126682,25.481888321567876
LEGA,42,15594725,662848,51370,34713,748931,2392501,11.891793423356367
FORZA ITALIA,14,131167891,13406326,390262,105739,13902327,2217383,11.021379124381646
AZIONE,2,761400,34424,4490,2778,41692,2064895,10.263445984315762
ALLEANZA VERDI E SINISTRA,20,6909564,334642,40164,19079,393885,973215,4.8373111386418515
NOI MODERATI,1,2728,378,10,30,418,248140,1.2333660968466258
